{
  "best_params": {
    "x": 4.712855852032892
  },
  "best_value": 7.359586873909106,
  "n_trials": 10
}